shader,file
金芳苓,130628197107287604
邹晟睿,610625198208187098
花碧玉,371311198601193781
余俊伟,410500198604237819
常明旭,640424197209174612
冯建功,500234198304112191
水立诚,530500197806117455
孙红旭,360202197402194264
康明诚,370685198502228870
史清怡,532325197709101273
何芳洲,140882197807268800
任懿轩,620111198603141977
蒋芳蕤,450321197002247669
黄和美,230225197003136601
戚靖琪,41142519820225191X
柏慧颖,610525198304194743
酆凯泽,621226197901156874
柳芳春,340204198004227706
酆明煦,42062519840825419X
柳明远,430923197605131456
雷戈雅,621224197301123267
王明旭,41072519770817609X
严熙华,431123197204277654
花远翔,371723197803275999
昌泽洋,140430197101257837
范芳洲,340421197403153022
倪芳蕙,610101198008239385
张凯泽,210702197007103478
窦古韵,15078519720420650X
秦飞燕,341881198702156323
鲍德海,33020519700318605X
昌红豆,445101198508266948
罗明煦,522631197304129712
余慧心,610924198204205201
姜古兰,451022198602229240
章古香,230182198009184766
水高卓,530802198503159774
陈碧菡,230422197608222846
马寒凝,511500197001132700
喻安卉,441702198206122688
昌芳林,610302197306262623
沈和悌,330322197807181926
潘虹影,140109198905279123
奚心怡,420303198501137612
酆雅量,350503198609186574
伍煜祺,140823198104286273
郎安然,542430197802114026
鲍芳茵,510524197606194146
魏慧云,451123198403111129
孔伟诚,620826198805145450
奚明睿,429000197308236035
罗黎昕,211223198405182597
郑芳润,431081197701149985
任冬雪,31023019790428862X
鲁明哲,53063019810717773X
郑俊哲,51078119880224959X
俞明哲,440224198403245054
水德厚,140311197904116179
范古香,630104197804164722
齐德茂,62302119850428653X
方晗蕾,360401197302128344
齐新曦,654323198903229896
严葛菲,230707197002282249
戚芳泽,131181198209147661
何芳洁,220503197905198488
郝春雪,320502198209134108
卜慧捷,150123198309247204
吕慧云,513326198705275004
葛嘉懿,710000197309135253
潘鸿涛,533324197807232415
雷虹颖,652302198008275948
沈碧玉,341422199001115361
赵歌韵,441502197305249347
华嘉懿,36072619780221623X
孟哲瀚,411326197506191879
